x1,x2,x3,x4
-0.9816330661070729,0.19235852572597947,0.22709968365974734,-0.28288705103089457
-0.19090929753322786,0.3071166178284557,0.16482283551318527,0.4391532004697563
-1.3853818677147174,1.286410347939742,-0.33302011134202836,-0.9861070046504891
-0.4105282838674773,0.8688539748717681,-0.0013801176298520756,1.6448009821055776
1.194532141099934,0.049504296062012856,0.18425223556575954,-1.163292248330653
-0.19205107340248037,-0.7061434614135574,1.0615951624736764,0.5743581149706141
0.8227975926718606,0.6062265109507846,-1.105781509221918,0.6149577148629787
-0.9612764719347285,0.9119322114655003,-0.6308178955414117,0.12419323979836477
0.8274088298788239,0.05473401748993804,-0.6228732710114981,-1.0065671669778489
0.3557259044155585,-0.06905069834974402,1.3602703196308585,0.34672722575196163
0.10882884514043696,-1.3061216133377016,0.5552677620310461,0.5255560076493226
-1.3478979524170536,-0.6482211833857536,0.6353450940857329,2.03461510957406
-0.37237897682537013,0.4150144194612722,1.3180346945429535,1.3743348295960771
-0.25880145129140114,0.20031424816859275,1.0130727158278139,0.7614536953943166
-0.6839413265443144,0.6006939897433218,1.4967735984240083,-0.1193271278246747
-0.6614815753448913,-0.02037062040696242,-0.4384888121810539,1.667787199563017
-0.2492146191543303,-0.8611580994654743,-0.23196029722835024,0.4419726492791571
-0.36472348151653877,0.21953068438380746,0.9677718008114963,0.49960240551111795
1.4298217649722045,-1.684203187921437,-0.9307887019959054,-1.1972548124415368
0.6396198470186301,-1.213888006759687,1.0527884313790752,0.25513283330298975
-0.9759369242640286,-1.761360141132409,-0.28012725987579845,1.929511503858064
-0.7502556467723852,-0.6779603359299012,0.07231819612874227,-1.3419368425100222
-2.4025625764673686,-0.5440666477314476,0.10231214321709138,-0.7604391996288862
1.7679726379116147,-1.0566760458504099,0.1272000389695633,-0.5286157390018176
1.5949291487138386,-2.5142112931862917,1.218827103492765,-0.9934746500530341
-1.9318984225934772,0.3796337518071398,-0.4139420018442447,0.7089200375762804
0.25209413435566863,0.3479922079474555,-0.17879653344167645,0.6290155391106043
0.049382048333956034,-0.5717959774214211,-0.2657819450467987,1.9520831076407663
2.078732546253051,-0.3642683008903273,0.6854245758206655,-0.1405533637595328
2.2091436570617167,1.3819134971700258,-0.378590907826912,-0.42844836751669874
-1.2580659975302935,0.4935050654557483,-0.27035398978895914,0.7433365658942173
0.38345349295710685,-0.9408410331193329,1.081071955122788,-1.0463650323666254
-1.1106478060616038,-1.5448530660855455,1.0742013014010934,0.866536006501558
-0.15938723423835863,0.21089308455235273,-0.12189892898886409,1.4536201185827555
-0.8319212520079285,0.576313298520114,-1.390216058597735,-0.9809857722894412
-0.2283694440641124,-0.18789598843246702,0.629236540861573,0.10454448462635921
-0.3751787231850028,1.2721527461989435,-1.0238164078678214,1.9870540645773562
-0.9827664163626674,-0.7996573402151719,0.659552250556223,1.307281164040843
-0.1981972332685557,-1.195057863243404,-1.6359614201630623,0.45049645621730033
0.5379463528001455,0.7577145091253938,-0.838115821661086,0.016033680920131996
0.022429866996516022,-0.1796969554536636,1.1505582152149183,-0.5071912005640207
0.927856799550998,-2.105047884824286,1.2762442469857473,0.020472906053314706
0.3538012545491084,0.4788036609146337,-1.8664112035210527,-0.3506746913359424
-0.4752190654336688,-0.5567289815245261,-0.12122662541316029,-1.0370857436593652
0.45158963770944727,1.2287911138511585,-0.03285374540415918,-1.4167600819247095
0.34395726212022965,0.002995445388385809,-0.6823644703141775,0.3673980425197015
-0.8230688734005537,-0.6377540761628433,-2.3397764262767193,-0.39960574537987636
-1.2886257259785205,1.2438998881778771,-1.5679087807381307,0.3210096595257698
-0.7567020927008582,-0.16674181560883455,1.2045851356494395,-0.2136592916490749
-0.3630043910801043,0.7547592842650952,-1.6320485052561418,0.9830936762515423
-0.3671493771569433,0.8151159797354143,0.7981273286899254,-0.08815127375720966
1.9031621918735524,1.0883441434052985,0.1766517470640351,-0.29738011299155465
1.9858284054903956,-0.9008102632823741,-0.480392521433196,1.6274230073683478
0.40874930314109886,0.42207284622394564,0.4201256316302148,-0.002653288678322415
-0.10182573709699226,2.002717802474421,0.11787013060125916,1.0489182650255937
-0.3765664336002571,2.380911239255261,-0.43762181920234944,-1.4165143271663567
-1.2664983471938953,-2.0063282495605854,1.86449162182583,1.4058074361345665
1.081288278888947,-0.36574146679127306,0.1774100580898184,-0.27980701394364393
0.8375276185620856,1.254334255094713,1.3183291494044889,-1.3007421683149916
0.5245830023042173,0.015209001637188151,0.01581507567914846,-1.829099828733697
-0.1670915166085915,0.876702254938318,-0.8992603554946085,2.6208716633675415
-2.0523382115784767,0.4283753934091394,-1.6967897475059583,-0.5488812464328618
-0.589333980059019,0.8656044698560463,0.5582539636010788,-0.08268346883445514
1.3601596750828242,-0.6147829416667292,0.5794005878773654,-1.2349095670103274
2.4561553337807593,0.05494579796460281,0.5555908428176546,-0.20243606923808305
0.9798306720532454,-1.1330950030361375,-0.01852317238560825,1.3451704989141895
0.6914607148041758,1.3799214897141419,1.4878688974450198,1.2398397964594443
0.8871964750021157,-0.9520574282966277,0.20610192266854307,1.0570284918594033
-0.8768750915024577,0.9474719008277844,0.8221775079993888,0.20669352645353356
0.16509195409092872,2.4160452651725564,0.8297520034447656,-0.5304264468351866
0.15691012954461198,-0.5460110157541939,-0.2957935629675427,2.099906793339022
1.6521816008956256,-0.7614133341315283,-0.29223102003496115,-0.14136394321991622
-0.26833892520257296,-0.4829254180940098,-1.4382523760998134,-2.421404344176904
2.0797591971590514,0.7763919826673514,0.34462171223877175,-0.01530617081566852
1.659715400652812,1.8263242782555096,-0.771872865386491,0.7056587358871818
-1.4784129040890637,-0.46001756672867467,-0.9679380627219505,-1.0013393082228745
-0.8648821978041236,-0.2517308972552784,0.13901416249665002,-0.418688973150295
-1.4511237968293482,-0.8407782226318739,-0.2169194085629679,-0.6504834663039067
0.05673180592327375,-0.14363211656525043,-0.5700975750636028,0.3320735026364931
-0.8543912967365187,-1.3448815029194234,-0.17094824039788556,0.3360012926845454
0.004586580544046217,-1.694783860521022,0.18830488485024874,-0.0443789172669317
-0.07350613023884593,1.0770447340186988,-0.08487330799335518,-0.03934567714551952
-1.1413646231790133,-1.000924902092616,-1.7447544560346482,-1.247130534619822
-0.07221815638477819,0.3013671197315497,0.24206173226679625,0.15816006655825107
-0.5457888784864706,0.9836021506398097,-1.297819883978693,-0.8585399699220776
1.8677120246711565,1.307852993662602,-0.1649063080756241,-0.27582786901390094
1.2046711750502588,0.6866166900279917,-0.7325052140716727,-0.33698641929784184
1.8528930593843893,1.2004261475084996,-0.14228810103469422,0.0930494060528373
1.0019036710400078,-1.0589417073810827,-0.8591682757147584,0.5205490913784834
-1.476040601328534,-0.7302785758874777,-0.1761007315681675,0.20053601836911603
0.07128182702426171,1.9694572375620607,-0.1536785017852723,0.7002807988330428
-0.984577354296095,2.0456777618081388,1.4820698315421923,0.04479135978137062
-1.5746219417330047,-0.45213592076214165,0.6914543133064783,-0.4539473601154075
1.0961910309039193,1.1769684214891345,0.41418238600402685,0.6835624741252155
-0.08738780010403774,1.3668568375792172,0.7038322865655322,1.481247409583951
-0.6266244400178093,0.20263182107148067,0.3088001939985997,-1.3277460128490013
0.6268344784092194,-1.443581651176266,0.990451153925628,-0.07838087228514151
-1.934312939731141,-0.5938453015712932,-0.5304719056378328,0.7433741211990825
-1.6183716392598564,0.4542413111211146,0.9466726316112838,-1.635657220504808
0.1867275035602885,0.5065723604845215,-0.4975279860198622,1.067337333755341
0.4071653852545659,1.083484181189968,0.6357669464875622,-0.6904736134280076
0.10359837081362658,0.3937563812645834,-0.8514834976058795,1.2030026676491044
-0.4955720616806518,0.7678264907904041,1.6779600366215368,0.7160900579867833
1.6308252989450005,-0.4484987775123082,-0.5998268523953558,-0.29792084039871997
-2.1806286334432214,-0.8674469868835226,0.47799738752076043,-0.3863246826902707
-0.2103630912245298,-2.109477864973772,0.3352853712665586,-0.272245633031178
-0.2731330533074489,0.12210322733903853,2.5552637866940255,0.2898955877335789
0.7756188772081714,-0.964207931064387,0.8639946888295063,-0.18029915025861198
0.08115312434835852,-0.914824152407746,-0.5471602878104385,0.8904222835696282
0.05336756028034756,-2.7437569163278575,0.619439280408032,-0.9228868610105321
-0.30421027080700574,0.6980181202105258,-0.4240807624425968,-0.2885206061217409
-0.6977920345328976,-0.7632041293645127,0.6871493931787097,0.3420403208840988
0.6823071446267494,0.1631582625345319,0.1580866066665956,0.2119452246637602
-0.11385759508031808,-0.1320911222205404,-1.8621695054673946,0.5788702422475579
-0.6935207677165742,-0.07056298215845984,0.4069420326994144,1.5507049288761143
1.3404529358627055,0.2900574901239285,-1.0782918487921571,-0.5076250983048866
-0.357460933624927,0.5504437650071318,-1.3881437037696902,-1.3615932655020428
-0.24807087838007288,0.6943368669151525,-0.7107381055101907,-1.066324143915876
-1.7204158638086673,-1.5776662790300897,-0.22164647521936448,-1.4672060881963838
-0.12921422942097377,0.4705505690545586,-1.4377425415922467,0.6498723767904842
-1.2290195714202128,-0.17870853597100994,0.33211888414493673,2.18362665094702
-0.33397806939289404,1.0290057931732122,0.8274508523568951,0.9714187704034023
1.4340121961392691,0.6889226633253848,1.0344901694608772,-0.6923299946777728
-0.08360569059536675,-1.8222738840898918,0.4643486769778902,-0.6972982376393763
0.019765091596038085,2.3431126297806433,0.1310442893335822,-0.4966672678897089
0.5699215763725636,-0.36761696220699475,1.2663080974016037,-0.622427118418856
-0.5153360539324705,-0.4972503105459616,0.34215576334431796,-0.6145150181754279
-2.317661387986923,0.4567385076951122,-0.47613359059030885,0.6995904807306775
0.3603980505661998,-0.7776801107553339,1.9006349424918698,0.4397361438350805
-0.029127297825929804,0.8517985784490445,-0.17324892783763954,1.231734226212912
-1.1545917482555526,0.5907367132995126,-2.253434072802229,0.9689315986420631
-0.951297870336931,1.4660058409604029,-1.5988314445173601,-0.08255629661019133
-0.2241114307975305,0.41814965800469184,-0.8510123246862359,2.12922200919847
-1.8894416558483296,-0.8634326536678728,-0.2885246510572746,-0.02371788730511077
-0.5746744419464352,-0.25553674293249756,-0.2599469348867463,0.25976364054020423
0.8974300251316699,-1.1374914619019685,-0.14807223407807837,0.6169155227739345
0.5321524777442326,-0.8873884748833485,-1.4499775807028774,1.0591602750078155
0.7960861345558904,-0.11845028767144006,-0.46323203330683393,0.2159218920782987
-0.23978049201285162,-0.643795980956592,-0.3407595846467083,1.1672044388608214
1.1121745942423698,-0.4335471363813618,-0.9417414918095813,-2.242611956687358
0.03241159701081813,0.32419456002515784,0.4977075612025891,0.20531611399842276
-0.1654481166521337,-0.28656355858680865,-0.2262484359649264,-0.49572039482572267
-1.7063172556778414,-0.6163227516057509,1.7540755617600812,2.2625212428519546
-0.3375971845395445,0.6279321763498411,0.2747271377067222,0.02709804735684106
0.8978372064302629,-0.004122561605915997,0.3978284112797523,-0.17591788619743567
-2.701716396385532,0.9072964073193892,-0.20175226361081794,-0.03411270493116116
-0.25224147731479873,0.9615558625675619,0.6718921101914235,0.5929110586729609
-0.13027166749574073,0.21005082621510304,-1.8131936450428803,-0.23276744795468143
-0.793526205539567,0.7016952442666654,0.5898385180687351,-0.20443238528885085
-0.6914496923917571,-1.1727764054389653,1.2396758034282214,-1.055199315080483
-0.9309416925516669,-0.6197700979137566,-0.9245469741505612,1.494842156127285
-0.3553496062132459,-1.0053893615538199,-0.051749714768631445,-0.9042129373253148
1.887417044434887,1.6099706634139677,-0.6677554191669386,0.9490318260765495
0.4238113977081936,0.061878612572737315,1.443617164493268,-0.5661170661549197
-0.00043984299781681504,-0.3503861768759943,-0.3262589330868079,-0.9696953737883693
0.2832907610236753,-0.20885195714918287,-0.4102839899230247,1.151250099090187
0.6261887574035963,0.009000188266806465,0.356058112244916,0.4876396884380217
-1.9142951149046528,-0.7898039483735747,1.4055534909622693,-2.401199253805043
-1.3275049130175802,0.3073757197086489,-1.4421471825081928,0.7591933226969554
-1.8875142861926322,1.5888310484705455,-1.092093683052664,0.21065845447979864
-0.5435623727919243,0.5527184571979078,-2.3208280913657777,0.3392000493185077
1.1360952807295934,-1.7611991387939325,0.36842185845063014,-0.18215662035106045
1.7474656180662358,0.5293102140547127,0.7038062828991197,-0.5237646903961238
1.4416517856721907,-1.6476264015883146,0.31319311491564017,0.48462642991055493
0.44577311933584174,-1.3987932224961104,-0.9634017581528491,0.40235869317400264
1.8743622644644762,-0.13594688640422992,-0.2948020865037108,-0.8687650068929994
-0.22064563351928776,0.41393640634755735,0.2661046203929286,0.9103428033859243
0.1885979701783129,1.3812605534227969,1.4839049175297545,1.2696051293587882
-0.4379110601844829,-0.8852836354547872,-2.3224290602753723,0.5212749100898015
0.8507107026908577,0.23312414650115842,-0.6575001419017581,-0.3762991286002573
-1.8435042440773408,0.5505813600373843,0.6597532216757882,0.07276996240979275
0.4079302087066511,-0.6365788878699058,-0.1614823363722974,-0.009704032221084874
-0.8623142694673527,0.6072244634264959,1.562736050492701,1.3849217541024967
0.6254343168710274,0.021788832582171676,0.3396497178854041,0.5420797794838719
-0.4423887058514187,-0.5972355596380846,-1.4334351962754097,0.34273151022833337
0.6701919889978512,-0.5290579159537054,-1.744414254972483,0.49264538612599273
-0.3720218784310719,-1.0182143111667132,-0.10004113473853134,-2.498194266320761
-0.02366450218179951,0.9657652324943913,0.5551829156473785,-0.39953294872352707
-1.552529427673886,-0.46928507957981314,0.4732822118968336,1.949704635391279
1.201397269330173,-1.5201458238348886,-0.44334534640969303,1.4305747412280654
-0.91516793703512,-0.8453923140562075,0.05681190090624548,0.20293943346231832
0.33705514150802157,0.19255300312823814,0.2701682548688446,1.1777566148746068
0.9490314563976852,0.628779237634678,0.8809829648668659,1.1710265722443847
0.3990542954255709,-0.7397220767800348,-1.6292127887299195,-0.10060025830381
0.2026633886170037,-0.3451940313202577,0.8830226657205122,0.37015221848390273
0.4461415946072767,-1.3726448242337268,0.22212206179004665,-1.4709300627944912
-0.3268745485241919,0.7938076153650481,0.4000646204869743,-0.03696560260874079
0.46966965510165937,0.17984408971498425,0.9300037281543635,0.5576155947615744
1.0186625858403282,-0.6490661668603973,-0.6476268628243165,-1.1248234676341757
1.0676580436781806,2.115250177116148,-0.2783908489755094,-2.6023178124543263
-0.1973982625735457,-0.9987045571034565,-0.8773015160983735,-0.9259211391389489
0.5812950632494829,0.16114589149818695,0.7303530401300549,-1.2247125659227684
-0.09102902139465902,0.41861329654132173,1.0138023749880058,-0.013869269622537806
-0.2671668023083015,-0.12848270267831519,-0.6816433670346469,-0.21439695638611214
-2.6642788950842653,-0.6504552807171766,-1.1617892169174928,0.2968939773689612
0.2621942349610244,0.8637069049701689,1.218013702726024,2.563414403361162
-0.705567605273917,-1.0573097423618123,-0.2516539810532944,0.6908506386044921
1.679967248373708,0.2337956203882714,-1.6743593813780175,0.613723744256136
-0.9329409011017188,0.2561142636688019,-0.018941178091372676,-0.5068071290192704
-0.19734678810713482,0.8862829776147719,-1.1827912007116206,-0.43406551086011025
-0.4415994634066815,0.8798017075179696,0.4343709683931895,0.28169748738476935
-0.10315895030929163,-0.2262521623515121,0.0973841913192235,-0.5142651364214516
0.26726111426820726,-0.2891072089697251,0.9031769709410026,2.7347870276999466
1.1268278706458623,0.5947656446818101,-0.19810437211468362,0.09275593461020122
-0.7888989359053808,0.21512032049610688,-0.0903697301471079,-1.7473384173859987
-1.3725004825983225,0.07039330083038145,-0.2396944965142816,-2.6056898128799997
-0.23458469760537243,-0.8261090441799089,-0.7400212932295264,0.6900290455314048
2.714093386436863,0.9052006943957747,1.3213382774720774,1.6777521215880855
-0.525734847658974,-0.8846548298299391,1.2667031365732497,0.3093878475641881
0.6576643823908412,-0.6603298464039398,-0.18799059960281592,0.4350560716477193
2.7567292724797428,1.0155223158203905,0.5820527067501521,-0.40025156430989517
-0.5955847152344963,1.637859247523956,1.4929190754871917,0.2217128841196194
1.2223099528662347,0.4817361484454422,0.0017047502543127823,1.1847042506483
0.7172504898340377,0.6469724281803872,1.3722516009435277,-1.8155130853346222
-0.2564481312591866,1.073216114209269,-0.5427137077663702,0.8974539957889178
1.0035321918207376,0.7908969453687308,-1.0955329837205707,-0.15043867273884437
0.5136024166038164,-1.5230589774822703,0.4215751515332347,-1.53787451098309
1.6056368602194449,-1.1521810342579606,-1.9077813400855945,-0.2768059715582302
0.4690456312901119,0.40630704203086404,0.21797650231284907,-1.0653305713738672
0.014205996180988468,0.6764499249744024,-0.06810245371653016,0.4788670294114652
-0.17915677447950695,-0.6194651476763735,0.5338925218702292,1.1757625243316676
-1.5394997077403,0.279008720836931,-0.1755804952611178,-0.6765152848405964
1.292610080860539,1.7774713763438104,-0.5995967283211874,0.29203649347840027
2.5892458848258353,0.2519337654050717,0.44733767688470644,-0.9800536452946229
0.46542208641437494,0.9248712982034936,0.2699497434716961,-1.8104425235266857
-0.8250984969597588,-1.8450075469748648,-0.9587505688558509,1.6518586228791443
0.6857841161302718,-1.254489785865567,-0.4181573135839992,0.5701777544061064
0.10799718782689514,1.0402672700837023,0.38766541126257725,1.111267813402071
-2.5618267406428967,1.8354453042794374,1.6992072960097135,-1.5819440514715601
0.5307853471001016,-0.42612303297586834,2.1154043909784024,-0.22107482383193328
0.23158860091406125,-0.08549319371220225,-0.1335400168335547,-1.3570349863891342
1.097977571308846,1.0805604624633405,0.6066213004207099,0.2219088947112339
-1.3136332752477529,1.125941974346144,1.1099553911751987,-0.4087750132659945
1.189982098875244,-1.0739388260399245,-0.2976793655947842,1.143886962549567
-0.37602647203914813,-1.4431635235571805,0.575942973120087,-0.6218656703123472
0.5393312279425436,0.2481059834380405,0.6699514198894998,-0.6326476643826774
1.2663476137108676,0.09514390583668791,-0.09883416914345912,0.797777809916067
-0.23172487125774946,0.05500944497241638,0.6819005006618333,-1.8610685739544166
0.25126408308035536,-0.886220857050141,2.091654196522937,0.1802550143971164
-0.5847739387428665,1.7419456738621988,0.47634672433874176,0.6678141985560301
-1.3606923746131925,0.6647376838346608,0.33356673466381803,-1.092963875469323
-0.96043864797853,-0.9931056170608844,2.2971780411987712,2.124212532968659
0.9558595570737826,1.2516489572681389,2.360655719887106,-0.7652366944650887
0.15916871094709786,0.8488757733695509,0.2442632034553089,0.0018669698654076507
0.74815284242676,-0.15565808737468287,-0.7618594817994248,-0.43852235599495776
0.2652793811786062,0.2642875543590943,0.0521509527084666,-0.7794446686686546
0.3822498199222263,1.2228446564112625,0.3677513740163221,1.3452092241767841
-1.7399346677012821,-2.4476948956601485,-0.8374820349126151,-0.15453474074984175
0.02742334427426459,0.9921955924806181,-0.6662594838859698,0.3828751906863583
-1.059815169476843,0.4508736288147236,2.0228753986462835,-2.426960181701939
1.2480752616768225,-0.22078033337856692,0.7138152462157489,-0.42403261040367357
-0.2679598607969165,-0.4683772404635924,0.2639064416709625,-1.194866411633105
1.2408023744303958,-0.01905545720821335,-0.6662756757378707,-0.5799096129727813
-0.3800548673153384,2.277695966752573,1.6360344693269235,1.1891045344845985
0.15892176669359587,0.9427473378824627,-0.08926062077138905,-0.7649402053147101
0.16196130885741641,-0.5741484629272753,1.1381360554252529,0.1387802533403272
-1.5307795378601194,-0.5877548694732861,2.1565529440897215,0.3590419394156862
-1.018689730979601,-0.8642828437681007,-1.0788935260804764,1.4912772992614984
0.5127228218794743,-0.6903653839072633,-1.448649272046427,0.5385317315683287
0.4230179078066357,0.2931355222348113,-0.3071243344292725,0.22303033043851775
0.26771382545256717,0.21639807350060866,0.7273502830330951,0.19891864320336738
-0.6525016014490066,0.058267739641109366,-0.6829146136926016,-2.196765099223592
1.3658743257804484,1.3936500633412245,-0.44264499197526536,0.46628012768093247
-0.337280532922685,-0.4222709923280939,-1.1045463497106398,0.46910150555459074
-0.3396593047555449,-1.745581361597552,-0.8194400939463475,-1.4017033842828868
0.5132999669445479,0.5099003618606126,0.5720969132267388,-1.6015919901787279
-1.5708626256292264,-1.084181002192925,-0.3423115674680319,0.5846458132486774
-0.608027492865333,0.6079469401683067,-0.5890448202450227,-0.10910669950050944
-1.0220566157335809,-0.5283608463780901,0.13594401287567423,0.7448364358929797
1.4553524187372475,-0.3957167513441643,-0.028253188691752407,-1.1410258105026017
-0.9049398426402312,0.8826454264707143,0.5350862327266432,0.806893368125302
-0.10552472021796473,1.0992272913269296,-0.4701722701333371,-0.058264810346202706
0.4146386852937957,0.9902243944851314,-2.0446332181392983,-0.7341201531887305
-0.8521528404842683,-1.0437441007157997,0.9748390295453034,0.115074204201413
-0.6701633504568637,0.5471931770287438,0.24366562001419834,0.9321435977539683
-2.388173799873731,1.300872370866852,-0.6962162634263059,0.3991945142254445
-1.3100941010634437,0.516764786925133,0.3501448440880216,-0.32064598442339326
-0.9224089778307201,0.7799574282038554,0.3217736473784069,-1.4682303835782735
-0.9532374079076769,-1.3668226050973171,-0.6744873915062289,-0.16574418758888432
1.5522002627608502,0.7294765809093141,-0.3002631290940884,-0.7168364879311658
-2.522086129748927,-1.3669718496288807,0.49944566767708,-0.5292820321639523
0.844432082113701,1.5212492163784668,0.8926696016304685,0.12496564581333383
-0.3038060099210079,1.2968339313011237,0.2519827378527482,-0.13529193914599358
0.6098547075080141,-0.5145653027848857,-1.3879342556252177,0.18479298048297949
0.806017723923269,0.721510322186792,-0.30033070301659737,0.36892875047587964
-1.4443912180148142,1.384407156361944,-0.38875871595952866,-1.2927604238669193
-0.311276148268164,2.503866452048006,-2.3881006000772538,-1.2305744723127006
1.628698820043733,-0.8597933973369825,-1.9186159808769414,-1.2371908761572694
-0.2593940464271935,1.4960854964284904,0.26192266433877337,-1.4873160953065085
-2.6120728371583297,1.216051168618062,-0.6116045402455259,-0.4255283598176826
1.3297644037004517,-1.272521881298386,0.6491362204873998,-0.03344673650842774
-0.4609352419916856,-0.2106765235612716,0.8237963007297203,-0.722038658915197
-0.31974416095818176,0.1461640136197899,1.2553194549399265,0.36914983220349107
-1.4981008242608962,-0.9911127193757765,-1.1957079087283555,-1.203131625357332
-0.4832719838245398,-3.0772552353127245,0.5672135627404801,0.8640922410638313
0.21635777342978704,-0.25650131161657447,0.38961583413770107,1.203111287163669
-0.7642809709278887,-0.42843516082729255,0.5426767288894201,-0.9177350116178351
-1.250836872778782,0.6861032528342039,-0.1604864625716061,-0.3853892528923017
-1.4531369378784231,0.038162654384674186,-0.06794950837789535,-0.08958740974061831
-0.5011690304832226,1.0338519063500393,-0.9339324025942177,-0.21805881016852433
-1.3081013861229651,0.3214871452983199,-0.12102019882944455,-1.0708754278974397
-0.6357884392133769,-2.6118998523087016,-1.7922450821196751,-0.12736935198289406
0.07840483997971627,-0.8424229694462922,-1.046839097704032,1.694248104761276
-1.4392103952035873,0.26590614683761715,1.112435018804204,0.9637741932690199
-1.2526295483041543,-0.34256194640378623,2.1356035531823268,-0.7726392316626466
1.38588813114622,0.3448221162901514,-0.18366639667960563,0.3149849214685083
-0.6221524003163711,-0.01502185688021761,0.8386362575423741,-1.4254021895045084
0.205672709803926,1.7701478566007922,-0.5137763988645753,-0.5986515577986679
2.4854225034511503,0.36408331184764897,-0.10453969166103826,1.3737597983594645
-0.6784267135738875,-1.0863155675672713,1.3913274139955807,0.18500086243400857
-0.18782799326093372,-0.35990833145817186,0.06750251545545272,0.7513105050100989
1.475873990347479,-0.6535313363398508,1.0498586764328952,0.7396019083269451
-0.3747936945398323,-1.2551641559438849,0.6733564603513202,-0.8992973660664775
1.4752903474680084,-1.9041503061053104,0.8409841883438907,-0.1707307318524958
0.014039325370077158,-0.9659823830869502,0.022452228735707788,-0.46140733272817575
0.37134271473845815,-1.1815170533105037,0.3958630788000522,-2.2196485182086394
-0.9152841350678824,-0.37754574299143573,0.22223488776420747,-0.6686509482731358
0.530181446407254,-0.17664592844017826,-1.843296862324842,-0.9699093029217026
-1.4560804814649118,0.19160330560037875,-0.3397600418552109,1.4279558172439741
1.0391566262870156,-0.20005460369387554,-1.8773258663809729,-0.6281027970072581
0.11467458071251392,0.47356661498283653,-0.6798554646494411,0.8639533814263697
1.3697745097002758,-1.1182159344326075,-0.4067220568398532,0.028592462876587274
0.39265180153269225,1.4688023498802043,0.7361587257734038,0.06329161241500338
0.036264235378260956,-0.548788608910377,-0.5385948184624243,-1.2716304813426471
-0.9145437757524736,0.6270952845225933,-0.44288316895594004,1.1619092664109183
-0.7504434202612491,-0.5581704890807141,0.18483750804143878,-1.616098647177403
0.5978168014583697,0.5219792798833581,-0.8761274741854502,0.0485174772851232
-0.8115186715212415,-0.7569875829073138,-1.8112946221470176,-0.8593111420191404
0.2067853902109408,0.5974785111524592,1.4545060610317568,-0.45302322671807127
-0.7389801198425242,1.3900545594688571,0.28278797837958286,-0.8958885941463274
-1.1135737921819795,1.472426992643895,1.8185518980080233,0.3813237494378817
0.279126346407238,-0.6652895264392422,-0.052825141070606714,0.72974538707044
0.7849601341291277,-0.8816497309515918,-0.06084465975909851,1.7888720029668856
-3.244585080724322,-0.12680657578306034,-0.7640488804826496,-0.08354564742661569
-0.04858535818673822,0.20307429037732125,-0.1529927772863516,-0.6715808838082487
0.34709662855756446,1.8345835970896365,-1.009524683441461,0.9806900056650858
-0.812774022497785,0.12025272550205124,-0.5351128654767507,2.5902617721637093
-0.9536808943817852,-1.2166014291247609,2.621587138967211,0.4601394372701926
1.5065515192881522,-1.340178911715182,-0.04340153967335432,-0.07293355397582232
0.04163332556847519,2.3837401606295736,0.8188113987074299,-0.5659099600710598
0.289120073533395,-0.023604857199137803,0.9670888453049838,1.1172483194499094
1.2797244069790417,0.9012528969549196,0.060561207222008355,0.4957971120420844
-1.1605276549654249,-1.0916431789848102,-0.492747878455523,0.04165473405858116
0.6202298294196371,-0.3937573236405791,-0.32500467484455253,0.7214432267010297
1.738705566339426,0.16155547924547708,0.8961921869979808,0.46773988010285106
-0.36493684872756227,0.5947706960210569,1.2892056490148045,0.5716064523258818
-2.8359958314226295,-0.6182383067038417,0.561559141161884,0.26442747836194574
1.9934721393376162,0.034491550764538324,-0.7687565405897376,-0.816491466176518
0.44783059007207027,-0.1968226298443492,0.7230965949727448,1.1209730459670366
0.43560207648909105,0.22043855066733944,-0.5871637466935306,0.8914606525897607
0.787078456397665,-0.18245045662234724,-0.47103755006750647,-0.05777168175847965
1.199968379834886,0.18643867821208768,1.2688979650002552,-0.9620053109698224
1.6451481909282442,-0.5797838259576407,-0.884016906407343,0.09678521910647744
0.4565242894491157,-0.15114374088852586,0.5800980748617096,1.6177506928029146
1.0644796900120959,0.6378015852376796,-0.05655701227286259,-1.917223660795938
1.6882177915466614,-0.8085768988114961,-0.47472871848353504,1.8196599631490282
-1.2222585937411532,-0.0954244142775328,0.38916055996042187,0.05966561974873475
-0.18877702039936897,0.20271068219100677,0.16800500928239656,0.07427354319094526
0.6183613730993893,-2.0283100219995562,-0.9420591325392056,0.0006058409298100536
-0.4283541882612373,0.3355703731694113,-0.008870048760047926,1.0226924900257608
0.8365937382634748,-1.2291667463809324,-1.0671701518994725,1.3520533187019104
-0.1412067097319898,-0.8943183975486604,1.4627286503312784,-1.5720321529531807
-1.400317508667783,1.5707647178739517,0.5888492303271006,1.1090858127565397
-0.6117856091431724,0.25744929787388926,-0.8250298832707508,1.77381961572893
0.17817242025239152,-1.107365489248721,-1.3147190770720636,1.7543673117765222
0.9733986886027248,0.25232644514923314,-1.0789469763202955,1.1401325824343014
1.1451608662458954,-0.20681166117056812,-2.3491831695160883,-0.10143348777566455
-1.7603257465559863,-0.5879575156634836,-0.04530887322608742,0.14908422728445875
0.21189028064184406,-0.28560325674741166,1.6159124970797973,-0.25655386284427806
-1.2191174817989323,1.1575656514145514,-1.1486468835825052,0.3385256602595133
-1.6095868927970443,0.749078930939392,-0.043050168944266234,-0.22842603528738334
0.2894516340222892,-0.2079663959636805,-0.29766057223141124,-0.7445827034101052
-1.9325452006611983,-0.8599020165074132,0.13530044933953916,-2.508453811555303
0.004730843936501154,-0.744055015933481,0.4451813478305506,0.730253532029031
0.036932613743380284,-0.6219758863324373,0.06929515672987685,1.8056751192534375
0.15244910004843895,0.6673775853386205,0.8671725231009572,0.6789209147028202
-0.5341582051557481,0.3107962758064691,-1.2334102619555882,-0.8812381629129352
1.4841666849336455,0.7593774131064368,0.7431174203559113,1.9517280930877148
-1.0644303307307628,-0.3872846489485213,-0.22930068142305846,-1.2042216771434957
0.507439806302153,0.4718554056148166,1.4192442378638197,0.7186444115870338
2.493186508085564,-1.5479592659733512,0.3482528531635609,0.11062856756625018
-1.4912398780505194,0.971841965052116,-0.9733910522423654,0.7214214089466442
0.33596414328431407,-0.621765511361044,-1.030527417210933,0.28848517924199213
1.5043934737104947,-0.5295895737542997,-1.1781695769250438,1.1386271597773205
0.6540939186382727,-0.34170392587044957,0.5489156441962746,0.39525906099664626
0.009018003722829992,-0.8472587463392582,1.3455741493041105,-1.4269356839265783
0.2049967112287275,-0.32456380502471327,0.8570252617740962,0.3081000016023856
-1.053535643951131,-0.6169076117742468,-0.5585853485763401,-0.6568390307691598
0.1389836601130596,-1.0226614267904583,0.0028545992754911713,0.8785957295913943
1.85093153261176,1.2379630633003091,-1.1713460112293286,-2.1179429934712055
-0.10791085669474468,0.9710617403076908,-0.8663124119820558,-0.5172255337638659
-0.23132308253005227,-0.5849566445423373,-0.3014641393417098,0.13727538138555573
0.5820284314778863,1.3770932829152007,1.0214234616583815,-2.1120273985376046
-0.4946855997265168,1.604555882215859,1.0163005054396994,1.3073935147111873
0.2763148346754594,-0.9820172365089518,0.030573801255276884,0.9962557995008712
-1.3248301321833273,-0.5634226192122959,1.3888451359796345,-0.03444112781290362
-0.12628610592924716,-0.9933449197346038,-0.09574404673905557,0.12508541838566034
-0.10012054055812362,0.6225469109719977,-1.9832907481541129,-1.526733543730435
2.036018214038836,-0.6206703707119017,-0.010643446123695607,-0.15559413063248573
-0.5891165986829416,0.615322851606248,-0.5878750537563792,-1.2733925717064425
1.0897596343636275,0.9987501071500215,0.6201493909961879,0.8713818654429843
-0.07324886023171295,0.5772242628510583,-0.3195734816463304,-0.15604741054364624
0.23507007299942298,-0.13246332416399165,-0.7367797526918207,-0.15829298537327013
0.6076957797511926,0.2692578990695879,1.3378559903178349,0.9890000303493258
-0.05006333001784292,1.3223819414742608,0.47060980042131995,1.5408471288273475
-1.4211656995910662,-1.1731471851791473,-1.404190200970289,0.5406862023006773
0.8967972800079916,0.12093395788918462,0.008191406463753017,-0.07092946546847849
1.13406892516418,-0.3689050858360502,0.5458109410673496,0.7005941312516918
-0.18216429116043809,-1.602331207754488,0.6709314980476931,-0.540680188798557
0.22164958531537335,0.514702858774198,0.9931371587082598,-0.4122437578778118
-1.2406176409397756,2.6156887378567917,-0.7234699107832852,1.3422648129635169
-0.08397640363187216,-0.1671070771624016,-0.2403242487782568,1.5612542147252912
1.9408039479790793,-0.2295354907974803,-1.2907802116555966,1.3409432972543645
0.5336938300453875,-0.15060705661149065,0.715985156988843,-1.4037646766824299
-0.1464386009397398,-0.4980692464683915,-0.3580442879314122,1.3782870451772848
1.7018478462531614,0.9838182595344612,-1.6841729789362494,0.8561019086893198
0.4531589228229162,1.2768885567091173,-1.0459637860859208,1.4503110148298175
-0.48099148796580105,-1.1215054811792473,-1.0891540696141637,1.0929329272409374
0.3816863144684692,0.1355111783969178,0.7896418427174527,0.09971280600520102
0.5682674380717374,-0.35810618865741434,0.44652462907693086,-0.6821358008022999
-0.5667136757524309,-0.0680281241943078,-1.2128118680069158,1.617718998723934
0.2864290450085239,-0.42430923725823616,1.0878610799532868,1.0916943559738712
0.2957815361386927,-0.49502483188198326,-0.3514211598557316,-1.0573894556864958
-1.194303971889242,0.09528078941332392,-0.27237907045256426,-1.6742866497033908
-0.2694825198013365,0.7666521553187311,-1.6807700464873245,0.558860402244972
-0.13766340421752413,0.0008008977363394828,-0.3624475132492297,-1.037220365616902
1.240928162895938,0.6242723260007953,0.15805882041182304,-0.5863601921446397
0.11302593448699366,-0.22933160784013076,0.6260224246050909,-2.3211599986675275
0.7827094329357069,0.14646599127940946,-0.14869284434863655,0.3134515236670676
0.37499971208423094,2.454982250472117,-0.9461990143827419,1.5669715808711069
-0.9273895238442603,2.3185701354338866,1.015309193986571,-2.0620568906471193
1.0863113393448878,0.8310374270014304,-0.8938491387754268,0.8608743718310861
0.3610052220165817,-1.1078306415823989,-1.1843441049196115,0.3515962569968389
-1.5246061490093628,0.5091531815964992,0.9200450983454912,-1.0821891495541205
0.46701054483079146,0.6263543694653738,0.2581402267352589,-0.7895432341164579
-0.4862432576742312,0.12231984696208616,-2.517580952085307,0.036018872037718794
-0.2769723544904561,0.932232829029971,-0.835346819343348,-0.686042821636902
0.34382280985541785,-1.1214574666968224,-0.9224484284597047,-0.21504464663205636
-1.9982555049900843,-0.026553567617516635,-0.8547990881338117,0.12007663022750206
0.38300565604138265,1.4159068590880541,0.6895640500666564,-0.22488246497993142
-0.6016512598312299,0.29262251371907616,0.022212077906058992,-0.3112206234968972
-1.2611729653914423,0.18614867929663845,-0.29400795270319524,-0.9712144290246265
0.28876819765608813,-1.4212335794547428,0.10346744757559112,0.857361278487956
1.045631572761408,-0.008857173900487608,0.14857303996647414,-0.676257020937609
-0.7256884493278359,-0.6250641055093237,2.5021047261851432,-0.13989196321171815
-0.1186253909357633,2.488246838792673,0.40072146276345183,0.09626139499820535
1.479476506316231,-0.5384282101555072,0.8596357892044134,-1.0363259928871187
-0.286786518399708,-0.9064175487126761,0.4445126749358121,-0.04943682493759016
0.714050395383617,-0.3826399926228269,-1.216955033164013,0.8979170884404057
-0.40198611425827907,-2.373314217946944,-0.15302347683488288,0.243255822835942
-1.4106735100855565,0.15497060381503863,-1.9691892732026128,0.7843128752462941
-0.7057862962599556,0.8730806291573628,-1.7747907584921434,-0.30861894500021453
0.448478723436954,0.6219155607133213,-0.6182010028159454,-0.5629452842299159
0.31139545822469267,-0.8113943352201155,-1.2537375349708877,0.25761255929062576
-0.8774839986287205,-0.15521599358421653,0.370836814449265,0.02845975230404469
0.1944686336290749,-0.7332398992695545,-1.8266173390494427,-0.8660100714296254
0.6904905856187613,0.8834181540973984,0.18587595225958284,-0.23238440583981282
1.9791723189752572,-1.404276291419198,-0.4228320856287009,0.1780038468690549
-0.17242489162662553,-0.6950058119809505,-1.3513032397348699,1.6416034145730014
0.3450907894109979,-0.06188357230646225,1.6816044044808107,-0.17856590964588134
-0.6525214665841541,1.176832749687839,-0.5585246758635991,1.3410701375027485
1.6914891074356613,-1.3132133159538213,-0.07866539293130466,0.2107078920233731
-0.24361978550754768,0.543076995411509,0.11354273941274468,-0.2770111047909103
0.15615001145269514,-0.794760545723446,1.255708912001684,-1.3923977183521288
0.44096705960299326,-1.5147202968006057,-0.7168917907320029,1.5770737051665231
1.3178618381169698,0.8357370863669888,-0.4909781282101176,-1.0263953210313597
0.09997403039428085,0.21561999052004507,0.20052409731918122,0.2949455890823465
-1.5411132259448974,2.107634659139032,0.3477917476741933,0.8525433020498909
-2.319217809925049,-1.9422916295011852,0.430781372173641,0.1825319421449685
0.9581997653860641,-1.1938931458538609,0.12906553595445752,0.11710610221223308
1.0866009756341275,-0.1588677036345914,-0.9335043787521399,-1.205784059769485
-0.09264124108639196,0.7165803593912574,-1.0862681760702682,1.111585273319948
0.47656295406072724,0.5720175473879833,-1.1930506808683383,1.210374100557897
-0.3485404763207011,-1.4549667129817805,-0.1730424074156264,-0.08501859282130421
-0.9747346907460469,0.32129677360560516,1.062663692508767,0.6445646690614046
1.7837643967717272,0.7229720900243576,0.9777009609694479,0.9037501215311566
0.6775253942030517,-1.0510544409613765,0.8111319503832279,0.3313560555227955
1.7947560487947494,0.7541832733466567,-0.21872968677030485,-0.36626495541793724
-0.0032572633789878943,0.4676812620119527,-0.6736825971386166,-0.45693050225494247
0.09676323022404265,-1.2734803061551463,0.4881483733796327,0.1982794297963098
0.7789270184401953,0.5166290447667721,-1.3278632981023855,1.0468715793832901
0.12238535367104784,-0.6881234373065304,-1.3652259067588046,1.1579984108251566
-0.7778578511793681,0.5680017337058998,0.556890435254694,0.6410126303193121
-0.8936817330680407,0.05271873153554373,-0.08212623015355158,-0.20164673948452883
-0.42234164205199975,-1.2786753702333962,0.6982961364339588,-1.146014766796229
0.4488037993092054,0.9002336489272753,-1.7879113021326039,2.173193986892544
0.10024017167306394,0.24026167198046078,1.2036171046935142,0.46334088888371466
0.0961104945400963,0.3033897416838402,0.2928186966168454,2.4181493963309455
-1.1763196965627856,-0.9709992301945141,-1.2920379646104168,0.54740203477236
-0.35246758610581397,-0.506817999395913,-0.4651491634671525,0.20811410210323594
0.43899256322967845,-0.05396391939761296,0.29265545590163955,-0.735472289119871
-1.2181777354077439,-0.35996041976793236,0.99850425644674,-0.637713657134749
0.8059628582547923,0.001003170926621988,2.3220521329427184,-0.34245833112464547
1.6322811245568984,-1.3379810647906034,-0.30494119806045167,-0.11069152256972883
-0.9892678838066193,0.9761634862539396,-0.28520053295655196,-0.6349722905015016
1.3745849317311458,-0.48152691427814825,-1.032611243725289,0.2839451388182562
-0.4866483668340096,0.8676509615082482,0.8747687733296172,-2.9932128428762397
1.924801789286226,-1.2742126772378253,0.8912019962576805,0.1601518621701554
0.16997958152266646,-3.9025840289073646,-0.7180980797112526,-0.022906913130902522
0.28512819333447387,-1.6070359171383515,1.433522388963137,0.7245820722890819
1.1934312523621329,1.3570332330722779,0.3474308970577785,-1.6051176803988172
0.25777763599352543,-0.805592907723614,0.7204470643969504,0.2857521702201079
2.306429792395783,-0.5571542358008361,-0.38930560846322576,0.04080917134294105
0.07659697187792713,-0.5257182022859799,2.126691101604155,1.4650815221001885
-0.8691296770801933,-0.3416328054794585,-0.6766672340894628,-1.2197194755228005
-0.6174433941029379,-0.7008344518379573,-0.4111765509850225,0.09716475436589131
1.0464457226473,-1.012740672272145,1.2235838768574863,0.2682109883031436
0.22166909278854247,-0.45939292748089083,1.404243797492419,0.6868140331832959
-0.9957596348691979,0.24377029276083706,-1.1748793363699395,1.1315800557631457
1.3898708284864958,0.4694835402379407,-0.6824650967718348,0.3296191252779751
-0.1972058101852641,-0.8792727574533965,1.6433451106408814,-0.28165911336246163
-0.4658507197306958,0.995490174594865,-0.3114337921727432,0.0012351902346352044
0.8355205314896058,-1.440952655644506,0.38287988552487023,-0.21200087122029765
-0.3832739518148904,-0.869548019132006,0.4085474361307654,-0.40469701618875553
0.6143467342600213,0.9520374346918413,0.8833234772388724,1.2214902480444512
-1.2292982657457505,-1.0685098466526852,0.6759394734423023,-0.7994815222916436
-1.4141557869531394,-1.1115510989424184,0.4740533884227188,-0.267857249227215
0.4347228925030911,-1.0229730267648143,-0.2351317027364981,1.7431990742922985
0.7392822698936485,-0.3546546876035959,2.7927415073418826,-0.6148661057039364
0.4799273619807675,-2.0191291750277403,1.0959105704278032,0.2584205130642646
-0.23053997676672977,1.497281957312506,-0.5783541698973629,0.5440112425329781
0.13891772746239023,0.16454376252703165,1.0218820138138682,1.409547513876729
0.5677646928116625,-0.7672638835844869,-0.03194645409289931,1.6337259440400298
-0.5075714454485891,0.09450860995446896,0.37784147279387337,0.11976015967208785
0.350653332718293,-1.6090199859424568,1.015354731213724,0.3382300637195859
-0.6089037860329073,-1.090827304517179,0.7131260005833215,-0.026367896046019405
1.1043363683364387,-0.005327539351933442,0.04134656275762131,-1.208313660187978
1.1669355342872114,-1.2284910580122803,1.0653190284563785,0.2048558853032168
1.4054793542373014,0.6661305754918654,-0.1761696012805523,0.44798184532024643
-0.6740519869897058,-1.0623686811896391,-0.22678283457386544,0.4567024748469507
0.6800102546363418,-0.07980890094034644,-1.5280335982087487,0.06735431071769434
-1.232709783197202,1.097356220795156,-0.04027799270132519,0.43412426265525395
0.9590927538780027,-1.1752284317693278,-0.3510143831548382,0.0020491758790930296
-1.631676154265872,-0.24943434733212697,0.17111230318729537,-0.4554198865547037
-0.5066051189533993,1.9046196719613726,-0.572779404012276,-0.34663064684683564
0.6997037255273502,0.1843969730380936,-1.2959677103006195,-0.9495971526954354
-0.7840859409890898,1.4133132574127882,-0.46984893996629296,-0.48303047623953826
1.3460133164232573,0.07964586274433003,0.11793083784471921,-1.0999025952904984
0.26179394132653344,-0.8128105818888781,0.26645500322400073,0.3476377637392871
0.544386076261877,0.21812535071406758,0.9143106618992483,-0.44117340212554934
-0.5862177838627484,-0.6488782474268077,0.3937443110896586,-1.0944719969734138
0.12032996615049744,-2.5502216863663967,-1.2778726601169665,-0.036005788020811724
2.381903746976118,0.4002910846747411,-1.2646558061061637,0.2542607115621427
0.861089236696456,1.0894111450172668,0.9703546294997343,-2.717876700974591
0.020416059850016727,-1.3397941536668665,-0.15250899867756534,0.936234216807647
0.1441101066955306,0.23023435581909735,-0.4620838320033677,-0.011595157492206598
0.3182219386988801,-0.010707652675853427,-0.6115278462724503,0.7460248156721417
-0.27698901796194764,1.1439942300560992,-1.4047384125610738,1.6326901827350282
0.1923356603272166,-1.4218015838406264,-0.13965836555313665,-0.18623903516000687
0.41486042345484575,-0.7643672716145652,-1.4023749140749575,0.9657348852761412
0.9591756670156936,-0.8503022387792225,-1.365776884869046,1.1087828306173495
-0.6219558711609405,-0.3230059388898642,0.3389135026838761,-0.46746320780358736
0.8638039497000809,-0.6601898534011773,0.35302877381971437,1.3965156079067258
0.9032069895050573,1.8151868118116876,0.8608755632381909,1.4159666339922832
0.7624558145300081,0.16735799727096629,-0.29126446970213593,-1.1984616662234093
0.28734524245235243,-0.05520863295416365,-0.21381531702091178,-2.954454952938079
-0.36175157960418775,1.7580310266719374,-0.8666038322359567,0.1581421454834102
0.6618075036139018,0.9745515345545106,0.45143030284526203,0.5749646535186138
1.029885415246929,0.49718602302173254,0.4395420802725445,-0.3446532332361899
0.9812440145373029,0.9748964144455649,-1.1317262520740465,1.0448892637032274
1.3419502258635048,-0.2524529161763631,0.3110469248646766,1.086546945532352
-0.2626395572641157,-1.4605274252724756,-1.761401153062708,-1.5998430432610904
-1.8359687547960033,0.3129479272209686,0.5478801292260618,-0.7957161892558574
1.947999795116644,0.46702639319630773,0.09982608144662686,-2.4592823105036343
0.18417288611402668,0.16410749559361143,-1.4341803736043022,-2.590862401902357
0.6282556272133555,-0.7656449402615414,0.11169156463259323,-1.867760618862902
0.7441847300371259,0.24236973589304076,0.005202953304859078,-0.6456996479849358
-0.241953492490582,-0.5387530647924534,-1.3955759508860097,0.6735735154104086
-1.2770455534754601,0.028210244984612536,-1.1770744116783556,-1.3702466290943978
-0.07771779092293213,-0.45054055956921435,-0.5372924668849333,-0.23482722275653622
0.17121543765945518,-0.7507093316851837,0.04793828185000072,0.4451788281238766
1.6578958129249308,0.21555784086279978,-0.7415215608204037,-1.422958150178941
0.33867640214559763,-0.3396144258976613,-1.3356369151325278,-0.5714226503754405
0.8206743438691342,-0.42385697519291565,-1.5690007931955132,-0.16189177151409873
0.9056577887120837,-1.1487497585847204,-1.154862159140739,0.4507183091084877
-0.7224018568474003,-0.03857770624603833,0.2334134497628937,-0.09177196572966016
-1.4612766849316945,-1.4581278476431763,0.23476432207325001,-0.4729856407834925
0.2791674384333186,0.7998440006356721,-1.0054863027981753,0.951669164873106
0.4584784803053985,1.220638965701316,0.23975137510114383,-1.3147812758244644
1.3579234001927498,1.4136514022070024,-0.6478726764749232,-0.2211672294163574
0.733158978570138,-0.6224357884848635,-1.9239240209331852,2.1709827830704964
0.3542386680828995,-0.23161211182593985,0.4761451506123746,1.8324227260981352
-0.639213688427771,0.14871213394776064,-0.8359099747975401,0.3635697199584925
-0.3316700634246176,1.9513752797514061,-1.791296044144331,-1.0273859358844875
0.09646120024886028,-0.399045878751287,0.4797799695151339,-0.707979923832969
-0.9193403557765575,-0.353115429513399,-1.4511306509023554,0.839715392942948
0.09739817402228848,-0.2904510520459431,-0.43311070142439423,0.09749100736691768
-2.0987416816602864,-0.48191331892972544,-0.5013145968309931,-0.10729579398969856
-0.738980760907293,0.6706717528866235,1.9745061700186348,-1.85996035085529
-1.9546057273118735,0.0879485429633242,0.6839289438803425,0.9207567723124529
1.2748686332788148,-1.4588725463232028,-0.9390090596747339,1.3520088482566504
0.8662258591348073,0.8528214817895241,1.3622586933679153,-0.5532598393470742
-2.0559267845674696,-0.03274549208007639,-0.9155479475158665,-0.024388191232239044
-0.8981914613043083,-1.061550216818807,0.19775497440496093,0.06590977489605356
1.2700077104518785,0.8498400009850037,-0.3835807676345778,0.151107654419747
1.0225075324000459,-0.5586264911249741,0.1976027932503849,1.1014343129619788
0.8538745164438368,0.8229053044126428,1.1359640075074433,0.010650506963647579
-0.28508149888853634,1.9124587768699726,-1.1352488375148022,0.5118602265756637
1.0791511153770954,0.2697990206925773,-0.40875548854225374,-0.4687495948219556
2.373657449652647,1.74763329902107,1.3253667261838291,0.2296300772243452
0.22038680779957562,1.1599182317904437,0.23237777103363066,0.5979526672277968
-1.9619312320549176,2.5959593470820543,0.0548314379929983,-1.6153838098386037
-0.8946990340959462,-0.8147747468027032,0.5381021533033675,-0.4517343095702196
0.5776870250987054,-0.7794968630345643,-1.4034421746590593,-1.4661101179220108
-0.19725500646383756,-1.0413852512064354,0.37107448988358305,-0.20103250192601693
0.4545430584936974,-0.19106980698413217,-0.35453743849667874,0.4202413674144688
1.5968428595644466,1.8520461722942858,0.962319035122792,1.2018935167847467
-0.07021440326336821,-0.03101415638551606,1.524461419100237,0.008817664209021027
-0.8749217749209912,-1.2655898891829276,-1.347027915299455,0.1414906641962369
0.21924803094886589,0.8843331500591743,0.41378016701877435,2.6219891432689164
-0.825110591941372,-0.4069578669916926,-0.5287496997122152,0.07222440196972618
0.84214966448119,1.037254698971959,-0.16598684635578032,-2.2463028994906966
0.8559125378916302,-0.9648241490060121,0.14205003978683226,0.48686012437036014
-0.854230255658031,-0.4371064993663221,-2.0349195086224383,0.44614056550076897
-0.20627793250091866,-1.359182416681766,0.502230563511347,-1.5052641008262349
0.4302240111277756,-1.372637707261611,0.540293670576443,-1.147416162155864
-0.17643723006976142,-0.05881347210863897,0.26699314324360834,0.9971289163804536
-1.2502730911154831,0.48949587807667816,-0.012251150426055742,1.8399309266451849
-0.3077211785108166,-0.3980020370686318,-0.6202693090439689,-0.6231231000174666
-1.1471436494360376,1.1917327510499542,-0.6515507643611949,0.22828210833315907
-0.4570807847704932,2.6276779117845392,-0.8349232540499205,1.082472559765156
-1.8407151196679994,-0.9866713183124153,-0.10537165256980234,0.6675660997597962
-0.6312246756726432,-0.1555953618925095,1.8318079350769687,-0.1434413127844493
0.21760452927576232,2.625825315821411,0.24733916233120035,1.1347849096156157
0.6187191837487153,-0.8937052794657768,1.808698904660093,0.07488965603403154
-0.7451839437252694,-1.047461218008187,0.12695017160268293,1.1733857195025843
-1.151662830677083,0.6521683622194524,-0.9369800619515529,-0.033605184214598516
1.0859213989606809,1.0513863070725284,3.1068015983120456,2.381920891332854
-1.1236466402434204,-1.1336984267309698,1.714725533983731,-1.6918866847586571
-0.3648881526647765,-0.8165524615106329,-0.2456594595605585,-0.3618066206015283
0.361026317687454,0.5140222915940283,-0.6980154444443968,0.5566769190254643
0.33856704719927866,0.036831382349786924,-1.5728966442905645,0.09810762740585055
-0.9864583276054709,-0.4973646900694882,0.33506648000988765,1.3877518628740138
-0.26411911104348873,-0.263007618108535,-0.47985449785294926,0.2049987804967712
1.1016355814679863,-0.9439430354215489,0.32143308805380577,-1.2248009048210913
-1.5997277331688493,0.07073085233544874,0.45656405407114853,0.5093909620839028
1.0034924973226178,0.9693595628444908,1.3473576838591645,0.5336133634961717
-0.0029958287465854843,1.2280637367105625,-0.9887122151645054,-2.0469675645031233
-1.3377684382438497,1.3641749394230642,-0.4663363037580723,-0.4380485011460033
1.6878961560338204,-0.10907549306152706,-0.8715811333561129,0.6520468055116313
0.4330456834486997,-1.046055785402,0.13187062062732602,-0.37135946331287856
-0.6703602909065601,0.5623057137524721,0.3890043471458403,-1.1683352722492806
-0.3037031898552013,-1.7891753675257565,-0.5361506753466132,-2.3897986922391308
-1.919786218290168,-0.3506318809351916,0.7567060754591607,0.5813432152102103
-0.07796861100392904,0.42980931491305996,0.8021168818776522,-2.715251484743841
0.08898582959310793,0.6078177972382045,-0.5351935875639232,0.3524131406592981
1.1954812413811273,-0.5675999451025883,-0.10478308627287361,0.629419477506276
-0.35076667850878684,-0.382586041279386,0.09679661052263998,-1.0789735310964297
1.0432595965886007,-0.6037036635184938,0.20624525227028218,0.8572170221379237
1.0520718284751502,-0.27027923890803146,-1.1874259816452428,-0.2906320953048699
-0.570609553189563,1.333719102223125,0.1727890987633043,0.7566205843011755
0.9355471354325018,1.1551909907496278,0.4828447830951135,0.8580823535472404
-0.9679816103504909,1.2850333055617769,-0.40280275751516564,0.5086625763539785
-0.14356155279449115,1.3107918347781684,-0.0761762395851015,-1.6230972941537407
-0.5805188310769296,0.4603046179505523,1.5271453336765008,1.122032482676633
-1.5616279446791388,-0.3322534399963189,0.5321631214778408,1.5061345077260249
-0.5335655132663379,-1.12862813494335,-2.4225702164258522,1.0400477020047803
1.7255001440131617,0.4444643202028624,1.286588468848204,-0.7978808617705828
0.8843683784086503,1.0653727914300453,0.2992818944652885,-1.6190704497653814
0.4654636854025269,0.8823975719642007,-0.8977272435925542,0.21433645864136203
0.13554153663737684,-0.6706267683263414,-1.0839947916837336,-0.7841310138792705
0.8696604100749695,-0.17113193532294985,0.24141979639772027,-0.22776487756430752
0.8401615494291325,-0.7471995623455437,0.8721047850388673,0.9391366026992393
0.050344140609208964,0.6325905763897955,2.2660274528784794,-0.018488328553186165
-0.22149892909071328,-0.7448171766712671,-0.6014769239843023,-0.46841399134410594
1.6781157399651272,-1.6461299836855063,0.24096686453104035,1.4580711887692839
-1.2418756981725798,1.166018259525816,1.5341846528323297,0.6230398925169535
2.9572204347747655,0.10226655653786887,-0.3381365499838119,-0.7637312455362181
-1.6446882491722223,0.1079203957212877,0.12115706587390121,-1.5361582485464562
0.2801749985497566,-0.2724137243535487,2.292744005755462,0.25589638573090717
-0.8715537547865805,-0.8510214501045428,-0.2846690304269318,-1.308207491501084
-2.0858099905304406,-0.36283866505385864,0.9536810045783535,0.16278941199450392
-2.596161042630118,0.001844662070556677,0.47913613194590465,0.08373195689637525
0.821815838206412,-0.9211478346299278,1.1454250073168817,-0.3408154372020116
1.747660145369125,-0.3222435568030982,-0.6412317143268262,-1.098158573280161
-0.6275446931866578,-0.4259010727568243,-1.1085501358566,-0.2814249517823879
-0.3742215424678036,0.781068543725275,-1.6614891651080508,-1.2014748458872129
0.0630616427999447,1.086774812451581,-0.9589525776314285,0.2660718769694346
-0.621866651543468,-0.8528873147030386,-0.7884230288999033,0.8277363734935612
1.1297870026956347,-0.7864273760530849,-0.08031104022561784,0.84584241681673
-0.26759007664549805,-1.0036025087044038,1.3140648081240471,-0.34994801847169016
0.3762304928543005,0.17655769575813643,1.2263893125445793,-0.6002386696446659
1.004505182878568,0.17254640969471188,1.0096757033964092,-0.8911615221600734
-0.01858724851956216,0.792080991893541,-0.33041348235605544,0.9319287989242792
-0.11267860795699548,1.4000624565443984,0.6381335751822551,-0.8643472914873251
-0.4380252822508254,0.6470038915133967,0.45894079914185804,0.344723058644075
0.783269006502638,-1.86225593781614,-2.1961168740030104,-1.9075351802881848
-0.6178660162201165,0.29474098506595126,-0.508681882588746,-1.2948141315127366
-1.146122697402833,-1.0829167994255071,-0.12863452740160805,-1.776237818319535
0.2890879034364913,0.23289882308099122,-0.511084473559014,0.8070281068302836
-1.012738569864457,-1.0342110903551947,-1.8445428779624005,0.49563389905465954
-0.913761222797167,-0.6907343902006321,-1.91606891808387,2.123942804771538
0.3438467775041781,0.05271078112939576,-0.5226974370087801,-1.042933916307206
0.279710324070095,-1.2968212644685266,-0.333786965891101,0.10048409304032341
-1.5218804179771108,0.567103906300731,-1.1888063334220886,0.054331903771900156
-0.9218940201336492,-1.8988787861267689,-1.9697826519884334,0.6517597220924349
-0.4672157874827551,0.6720640451161555,-0.015978783146597234,-0.9082498066420677
-0.9755283024614085,0.48531362301466385,-0.798707727820376,-1.6862302807762588
0.6886351882778353,-0.7470362176703383,-0.49351939678073636,1.0198273239760522
-0.6969968560287993,-0.5179194284047566,0.7758453805581139,-0.5742409451316285
-1.3896185454762209,1.2886923816014404,0.28676740348298263,0.023640216873793148
1.7955664492070773,-0.11334062330264658,0.5134774920327019,1.4820509244402813
-0.30928556243355265,0.23104168122231877,-0.6206196508180646,-1.3251919416743032
-0.5751148026123057,-2.9957896525262204,-0.08608122191251683,-1.9804941598541892
-0.4085002928539476,-0.013134055001572957,-0.5611330868656198,0.44981777131462747
-0.5978423221158197,1.2994622830699436,-0.23155755288575425,0.54734614760614
-0.18920448301809367,0.3071728947844519,-0.6711090102799728,-0.5314994915244975
0.11958013670148002,1.759413602974969,-0.6210718955793302,-1.0234129511061985
0.9868344263234771,0.19265140951748,0.8360885021879279,0.38296257573438414
-1.353755138979794,-1.8422427437999833,-0.6880991809838227,-0.061644672895934734
0.09838246707716153,1.3723616733174655,-1.1279963217613929,-0.731033134035266
0.207922079583321,0.44534181288018887,0.7191874688575214,-1.1374304533219668
-0.2142419042614289,-0.4189327045075001,0.4379406025324592,0.10396579929225601
1.059976452942359,1.2361194992374664,0.552439160058517,0.6186717106798618
-0.4981600393574494,-1.5046650592443631,0.3716231827701191,-0.10019683819575995
-0.8977012777005655,-0.7256798859918339,-1.7105792346644335,1.6752369314841165
0.7147685733123084,0.08755345169930165,0.32348175456315403,1.1064725147639403
0.9909566313394715,0.7827983245036638,0.48365529755570463,-0.023143889947039455
-0.7940638567540695,-0.3015274390921306,-1.125138695646877,-1.2200197896485525
0.12653810861367137,0.048302779887032125,0.6980835249550957,-1.1957695848419903
-1.7654144291896126,1.4437203887501133,-0.07838902605229055,-0.5801053690096465
0.5984166597377123,2.038769606543994,-0.09678144123019444,0.7439451539066377
0.39138969104477406,0.07141645948279107,1.9735402090616354,-0.8873442734966145
-0.9588018128262614,-0.7535595942107745,0.1846590851178414,-0.02136178666018068
-2.1050969701402367,-1.1691579959863272,-0.7113077891051429,0.46601053749632676
1.641711156300354,-0.20939299684064397,0.45277399070585267,-0.5650925630538672
0.5973463331276797,-0.02828952235013382,0.16192099067622426,0.21149057328104176
-0.9946912229470753,-1.1275482905360004,-0.37948448603824075,0.13856824944119747
-0.040484265389049694,0.42169774614461547,-0.44738065273443733,1.3642478088236087
-0.40474649259028944,-1.4570859623099306,-0.5150573791582981,0.2255900460609726
0.12014567707647446,0.4130872008788834,0.6487581646716553,-0.7661329134168446
-0.6519513111943727,-0.663342922218223,0.7304177473691031,-1.5202996168772351
0.5527041418437205,0.6133191662167156,-0.2632314678593016,-0.24074267697431787
1.3788095595988974,2.434817312859541,-1.350857482381439,-0.4531022279237323
-1.2574548274215553,1.0910420108772279,-1.0318507225630125,0.61568221573888
3.0967230822540697,1.7116460634505688,-1.938478449748328,2.0001335574768677
1.0821852390777122,1.2401025638312264,0.08518086144066055,0.025032437463797554
2.4147804844488285,0.2269222506528467,0.5448074597374153,-0.3249473810766762
1.5115170370485296,-1.436977086436752,1.4162076839931415,0.02321145498319399
-0.40947921213201244,0.663460267058206,1.2787716667990676,1.520794568571976
-0.4799041883277981,0.6275950548735837,1.3524166400716318,0.18837612071175933
-0.4421211933295615,0.146974154840366,-0.05050742568407272,-0.03593925946045441
0.06701003593035997,-0.5125439247355505,0.9506275992488711,-0.17833456867874953
1.3330801989470524,2.315606349891454,-1.54814560192843,-1.0618257874687675
0.4914440508118255,0.6292572337969101,0.3684634209481452,-0.23997400096508045
-0.5292244681940768,-0.9486972013261724,0.38463552439346965,-0.5356526978812212
-0.18841357528707484,-0.8907767138249775,-2.0664063087685913,0.956033240971623
0.518778773169877,2.7183987287773705,0.23431142388142073,0.021842329825902507
-0.47839603889992277,0.2106466227891497,-0.3321819417651551,-1.1023385236410903
0.05471685403745854,-0.7056349411631907,1.8456655776497128,0.1694464037391183
-0.9317024883488091,1.501631357587173,-0.05456254913892375,-1.0953089582338893
-0.5599405123262327,-0.07946747907210897,-0.7950372956326316,1.1255084438603755
-1.3830951095990218,0.7605073139328796,-1.354442623855824,0.49253417667354715
0.5668198941246522,-0.17322906647389344,-0.40310761526034394,0.00402349094370589
-0.2590536524387293,-0.02672932394265996,0.3247884569812233,0.05045745429896984
-0.6173658857482219,-0.7318738758745078,-0.27596931972380323,-1.1214713274901413
-0.10907265608359426,-1.292551523911797,-0.6609862318715382,0.22744297142276293
-0.07722415757261715,1.1250211730303652,0.7288269687372272,1.2681164262938895
0.4432592348342989,1.4720113738561416,0.33601546369323837,-0.39328439393265063
2.0623352473891616,-0.49062288685673083,-1.1223610036881297,-1.1208762787551627
1.867625553555306,-0.8555787493780496,-0.6417088834833539,-2.1749797226789744
1.6503655448925163,0.7198428529154879,0.8353301871502848,0.8461644509655721
1.2218493445650742,1.3398518301822802,-0.4597267765552814,-2.492586730822205
-0.22334564893087624,0.08788021819781494,0.013557749189828572,-0.11882387273660432
0.21723362913187802,-0.1566253397738839,-0.6337033999598999,-0.5466490675650671
-0.0002057965567403716,0.4929402844566222,-0.5241119070341173,0.9213436691392919
-0.7789779589961618,0.9774282071928758,-0.3352113016563221,-0.4548314797337235
-0.48795578625205316,-0.46732057302288493,0.5233758218635336,-1.1297835246762171
0.44505853604633455,-0.147188397123079,0.6133625213711443,1.2295354094596256
0.8787996686604582,-0.6461247623178866,0.43970265224745037,-1.7232882832457943
0.8351333085301511,0.2929926441589594,-1.0720080533705996,-1.9228910287487675
-0.9971501253803468,0.7588800746705677,-0.4761167841895835,0.23979496758052876
-0.5196104400111601,-0.7978930801399299,-0.05872564475284732,-1.276751732509269
0.46251559841953754,-0.21489080863946636,0.07172621107688924,0.45944121923285997
1.0511448432436086,0.17157144364770516,0.806402262133138,-0.5225706024105118
0.8593448828297002,0.934027693806402,-1.0824936415882496,1.9487589326655255
-0.3432227981816319,0.08141522146522236,-0.018523661506439387,0.015217728259768736
-1.764710426328042,-0.2684403824742846,-0.6562100538655764,2.1859065292548157
0.5608968864034037,-0.6219876296834715,-1.727407514892098,-0.8980051536660921
-0.020824035294207524,0.48202538545432455,0.4115971259136703,2.56171055260517
-0.4444271702766197,-1.8697609162661346,0.17557106874213577,-0.8125551322468713
0.957949266676485,-1.0548167833059912,-0.7696375222856041,-1.0653226784594276
-0.018429111610791703,1.4683927305826645,-0.5336780396734668,0.42948537544298715
0.05688731791271064,1.7228617555838743,0.35895153748980296,0.09976303715948615
-1.1122846397066672,0.3921628197676575,1.3018393835737243,-0.08413876574830571
0.7738374519225769,1.202311498789391,1.197342015278529,0.5536696387900315
-0.9256641381171082,1.1380276750289195,-1.0678571121797678,-0.42948855032031685
0.9841191379431568,-2.0284074217433608,-1.3345640877809386,1.344976048237376
-1.6079667115347407,-0.36061395783823363,-1.391738880319809,-1.2309292342133362
-1.6673691346548924,-0.7852403159684122,0.6909093247885648,1.3782291608000588
0.8617002305727063,-0.02750461320826035,-0.1438981627815369,-0.5139006401128287
-0.51971221869844,0.17190873554576835,0.44541813653273765,2.2735612988023695
0.1609781224164095,-0.03868636117697942,-1.1291071781496174,-0.4118458273869012
0.8281779999256631,-1.2364303907919387,0.5667487400078232,0.025754659235064897
-0.21198464734766104,1.9036338432364421,-0.3317865215469803,-0.9190021029355977
-0.3859489064579257,1.046662421127397,0.005717808935723158,-0.8563414806587365
0.0698506371797074,-0.9791901922515176,0.6550989052212851,-0.2746179117349065
-0.3878414212639358,0.39494722607865,-1.0415995160501148,-1.5518950473100603
-0.038221340819437434,0.40360153461637216,1.6085229965632777,0.11072790618858251
-1.3057168395554537,-1.726081140752929,0.853090156087692,0.12016861134818263
0.022315726976863046,0.6307236774340906,-0.009028741345030305,-1.1594217881958044
1.0940087808912888,0.08330253669175944,-0.5881459045550239,0.4630121453493368
1.365443595339788,0.8908542095289962,1.1550330274671834,0.12055829556353242
1.1797736240990777,0.3236489895507807,-0.042585305125274864,1.175055275250059
-2.062999672706995,-0.4310116329200184,-0.24325345577142943,0.37557175914730023
0.5007533531687444,-0.5627184167282652,1.9214555559542215,-0.22589696363090347
-0.6895538325777604,1.6193744782885124,-0.36261037199153384,-1.374274101349422
-0.6600193133479836,0.5092175060812648,0.5369291370322438,-1.091989929035894
-0.649554841010282,-0.26905509572109,0.6529983111611403,-0.25530869615010976
0.7610543549086983,0.01636688697026239,-3.095235227969051,0.9796377167561036
1.5872042906147965,0.0952466851383098,0.09610594643385001,1.1552260549358293
-0.03253399918429038,0.41254803633676285,-0.7524843373343403,-1.7423877573432918
0.8260271483232822,2.191302676798879,-0.6324933212560688,-0.971711448609535
-0.049695945513312884,0.3682913314816647,0.1579231105937438,-1.0536028250653307
-0.05908118445839608,0.26863696703141354,-1.3354761740935344,0.8748106028164869
0.13354935863553846,-0.9998673950328164,-0.3939784608072337,-0.9559127415125912
0.7907067734191585,-1.5827364878406007,0.13770613033613507,-1.093144437267872
0.9511564128624018,0.028865017624545092,-1.3097027625212259,0.3008842950499452
-0.4374323786274546,0.06527647635648152,-0.07015829332999156,0.18040731468490825
-0.26915537668138784,0.28934026886786496,0.5337327733419571,0.27484522438020587
1.2040879953355559,1.1324158812985412,-1.2345675599851897,1.183839880891195
0.18247611910913866,-0.9694366518209552,0.08975818821412647,2.1215999839191166
1.423252543529807,-1.1310507272586166,-0.8245619713001974,0.2962138203884566
-0.2144907449862046,0.19410161430955752,0.18712960355113628,0.5986306595410016
-2.2181192634249083,-1.6161085134369928,-1.0354971658412109,-1.3540036819576682
-0.4903148108131709,-0.29277921977222154,-0.19984216801822238,0.012933547098869827
-0.04615441569510097,-1.0937942741335118,0.7613825324135541,-1.3045888015311233
-0.4709995106770016,0.21815010449218458,-0.5336526116394222,-0.47932828703382185
-1.1506342591944967,0.5407850833881159,-0.020932728047640996,0.6586147385715693
-1.8487443920907969,-2.0504568515258517,1.3670714130445358,1.3215651290409403
-0.34669593354291006,-0.12188804074700135,-1.5687101578180993,0.8015939871179449
-1.1478541503945352,0.31468895327758534,1.2435981452496303,-1.7674983909041833
0.44193798650291877,1.525498681269449,0.0736771951469566,-0.059326091102355594
0.2121818062910759,2.5448331063044387,-0.06390398379948684,1.1438079062584368
0.6554021592214384,-1.2988682804800857,-0.23164654699546994,-0.18297764310333503
-0.6846154125510971,-0.8875755732626676,0.2414894649995492,0.8071336757869993
0.3998125315020272,1.9144629020361783,1.3497877140132695,0.29606820790748495
1.5673322088482835,1.1571473213951438,-0.7528440496017186,0.3405627281810081
0.09535056604265868,-0.3801218688127129,-0.2785625515482207,0.724667733281907
-1.239129883316101,-1.1095684417312377,0.5077430300359352,0.3537232726615031
0.45674931518306056,1.7237446407362569,0.14076273283363608,0.4268943829175823
2.4056794320868002,-1.2380476366221937,-0.9801249297820231,-0.9576211584879709
-1.1475376213731208,-0.04949007549047979,-0.24082383941816715,0.31141397082587585
-0.3769210730938666,0.5358714383770271,0.7399992238865322,0.10963683035741816
-1.3671029313236476,1.5997146537178335,-1.328293741636982,-0.0800297332985542
0.1849070631860844,0.7061880776150536,-1.8387573358980196,-0.1016764340643011
1.5450753178881287,-0.1650835909721323,-0.4807450982208351,-0.28636571095954383
-0.5919744983716296,1.0318061575165167,-0.6257974668707846,-0.47778804080296755
-0.5186449073053329,0.916713089245857,-1.8728112803377939,-0.42484363257106356
-0.4123685106371002,1.405591885048987,-0.3168024759405885,1.6970186222037227
-0.44493919925224107,-2.3878973447288527,0.5239501651904307,1.1850821483992766
-0.5239945022962214,0.4536378771578038,0.37493203179770923,-0.011287827562004334
-0.6853147413873545,-2.3358539542969186,0.3541604692138517,-0.49025542758224866
-1.0552117124589802,-1.0084501244427526,-1.4805206799109372,-2.421291256528971
-1.187761763052814,0.897132011628962,0.6491213134474597,-1.126392646997977
-1.5158331662234446,0.16593120538285966,-2.434722725828669,-0.3349305421015592
-1.0049883499496748,0.3965726454286983,1.4522229584212412,0.4868839425120051
0.734763004661299,0.8918709084141758,1.1471973358301553,0.6657770622881556
1.196089048218635,-1.1037372455836818,-2.012754938431269,1.1202966878084055
-0.4752133136908023,-0.49180448956725487,-0.36372107122905734,1.4019748268189025
2.6981144884098245,-0.13407739627763474,1.1911232144039,0.6009792523584961
1.6452940912009952,0.5997856795177913,1.4446305198853255,-0.8507164896884634
-1.0865312490989913,-1.3104827918192594,-0.6388659601897279,-0.35347391898203495
1.644596124852176,-0.10498436910133539,0.22567958694759507,-0.5058340662868073
1.3882717164122695,-1.3743713312208263,0.32575643582178787,-1.054792275355838
-0.37579380548317287,-0.137181974110472,-1.3967375451060924,1.1096871761503775
1.3315098102999068,-0.9250250017398243,0.08521229985113446,0.4524016152624524
-0.8689087217720374,-0.17020188564791305,0.20767805831368508,1.196657187716721
-1.6235967389762203,-0.6851149349346928,0.8068185761086014,-0.8925047281872246
1.9645239377143804,-0.5728042949347596,0.9429095325422774,-2.862815877987458
-1.1651438829693919,1.2227279577682058,-2.2966209974821497,-0.30646160933130157
0.054753780222804596,0.5575790720846213,0.010558399525121321,-0.8483408590169401
-1.7985597952445564,0.18731166184666836,0.32146608918090586,-0.41277277761847325
0.01967954202170443,0.22177995917853754,0.19938029137522723,0.657652570589939
-0.16599285843101289,-0.29388879233601545,-1.9133670278396508,-0.6477753035772928
-0.7453519355415844,0.07417501012370407,-0.9116452317097434,-1.0907260164564272
-1.013835579081521,1.4400464393494372,0.301837017504197,1.1319331352076831
0.44844203468750166,-0.46156462545967164,0.46206055301585985,1.7057477790764277
-0.401551052593454,0.9497714341672661,-1.97662118329287,0.4972684438060342
-0.2954549950655709,-1.9614611544953229,-1.0434688775984915,0.23072872344281123
-1.3807778219417206,-0.5542279138908845,0.8680787978817704,-0.15891711816341964
1.3898374526587833,0.6531722653537302,-0.6472556646635999,0.8392722252839088
-0.4216098900277292,-0.0061959946945053385,1.4292527759075822,-0.45597026352387765
1.3059997356751267,0.897036378512119,-0.6459135069733868,0.3027316596749899
0.05793686084179087,-0.8609119661868723,1.1862208741535993,-0.18361115312877654
0.8185654331662457,0.5241479871471216,0.664976564437776,-0.960614950288553
0.3684122454412854,-0.6707756715277273,0.7164173104977941,0.14444468877080294
-1.020174212402339,0.282803194289909,-0.5406877706482135,-0.6385063585495504
-0.5490372367775317,-0.4353705024532367,-0.11373167240890993,-0.788179086148329
-0.21904656656443122,0.2517845808698923,0.8827082506632926,1.4156583122680475
-1.133813086037914,-0.2186221995234484,0.16537919040712623,1.1453574788223748
0.3324618807712834,-0.8952051321274984,0.9973353388361353,-0.24708837462450378
0.14022578239399447,1.9615171507691775,-0.1294215355917773,-1.1665411157760532
0.5920515380808207,-1.2493138882436885,-0.4274842139663019,1.4013659938245038
-2.452922018359281,0.7352895317695515,-0.9362185415680284,-0.8324338217840447
-1.1313210472127313,0.8802675869855047,0.7594130082078053,0.3576838949286861
-0.3407917717953749,0.30072762683241605,0.796431316510915,0.7695778809439309
-0.46310656338278167,-0.036945469345747335,-0.151880528419527,-0.027236286810578554
2.2902992152412045,0.2650197075740578,0.04465355191974901,-0.5710609040705141
0.17125860703722437,0.009204958601195037,-0.8036630914742037,0.3128801304113352
1.963476737644351,1.3595405075347091,-1.8374493039894284,1.1200899022097561
1.1676568357902595,0.01912988272888334,-0.31099403562253497,-0.13959822200245817
1.3847663756348776,0.3200172160151016,-0.5204779032673447,0.48149374336956835
-2.070559414166537,-1.746646937944579,0.23550404295607305,1.3243265930133112
0.7924633372488162,-0.25024750790850403,0.5660725073531323,1.2444633352645034
-0.6681100859344773,-0.09441688640475086,0.05324492346219439,0.3742379683668616
-0.4995854104521532,-2.1372479148789467,-0.16417174709376012,-0.1522939453187692
-1.1100470499065982,-1.400131584885339,1.1877634956044896,-0.02614832146972271
-0.5131089545312633,-0.22111607616481935,0.5608745348174103,-0.045186624654824516
-1.2387316456979596,-0.9347934060921478,2.124035779157936,0.45584202887643466
-0.7784808503144802,-0.4903155441799965,-1.6400213706105882,-1.2875937670128266
-0.017621708804488285,-1.0858583102442292,-1.3844647449373326,2.9691837035102266
-0.8427185889579711,-1.109338634215432,-0.6004730044259169,-0.5273982844219498
-0.5218114289223992,-2.3197276037600107,0.4284237128282172,0.2977874926007812
-0.1507743910088733,-0.28066268435798686,0.8253533388481089,0.26462906575376904
0.23583123552793445,0.5189343903508006,-0.5618297846367227,-1.7660002039209464
-1.886717322857069,-0.18171797601595707,0.9670086660516205,0.7618463882059481
-0.6516709907638276,1.8437979015697559,0.9357420499063359,-0.286560682984387
-0.2887423418444644,-0.11533283589020608,0.4924834514830692,0.5773623014583795
-2.2000502923735374,-2.6101833466493356,-0.32924486306168205,-0.4358449993433091
-0.8575947781154244,-0.42433370165292056,0.23298613979929236,-0.011236129088697555
0.4924117751269812,-1.1196711434844178,-2.1237982887992053,1.623305622591634
-1.2636920652506014,0.09498534611255287,1.2201155354390412,-0.3461998389153211
-1.3131289943388151,2.1037133210690047,-0.45885694069551064,1.2968836396842665
0.3096025435737517,-0.6463193257601753,0.39555517734063955,-0.911154972555337
0.4762697149014017,-0.08882583157390571,-0.4744542451006247,-0.1465918766527465
0.28029476384580637,-2.1431169899692364,-1.1628153312881022,0.11683644300679331
0.8346772392159248,0.04141117621881084,-1.2135183181619003,-0.22391845745547392
-1.6149007177383468,0.468595841637085,-1.1665340505137252,-1.1866957173727888
1.2849354522151268,-0.2667759176496074,0.6686577636060425,-0.7239270484472325
0.7995503292475988,0.07888695590102018,1.5451266300519868,1.42128014644552
-0.9385854073780867,-0.6376737292730643,-0.13310665629581322,0.019191522287390902
-0.21388308295511632,-0.4085154728604433,0.28305612928187146,0.25799652094976694
0.40948823849124244,1.3587826363869806,0.7214044507428284,1.3010190438317006
0.22653663450964967,-0.27386704085970304,-0.6866020132786675,1.6366506070840756
0.7267523969535515,-0.08023958153435655,0.5659700173231893,0.8391318879558457
-0.8444423432210945,0.06727016370689184,1.033066030400679,1.8545411422047433
1.1554544418015273,1.5384747725960088,0.23385478631224016,0.24132790467923115
-0.22813884297279763,0.4435117690547539,-0.7820617068543502,1.4854333308838112
0.8688233001346447,-0.49373524079506576,1.099628738972391,0.8903994459313012
-1.1941545635118052,0.7778076860081371,1.4296547759313551,0.1622211515048357
0.5422389888856319,1.0861858978930425,0.16450088810661545,1.1368321291563093
-0.27738747538240593,0.9096781193382489,2.283008649765672,0.21516267149145915
-0.9477977530108873,1.2311981929914195,0.5109395362103366,-1.07938372599138
-0.6184677699547394,0.07803779867652129,0.11105574405375901,-0.0007121170592530384
-0.19309396177654498,-1.2131529137449222,0.12505786840036337,-1.0169594890859375
0.02797833690195193,0.5030187798875729,-0.7029978138632877,0.6879751045495565
0.8269513751173102,-0.4878105696215511,-1.3128139847569094,-0.7080854881141513
0.6409366348775589,0.19831073395815474,0.7697627582106322,-2.8671561346143335
-1.0421284411881522,1.1973010368906138,-0.10228802079095811,-0.19239927386983394
0.3339292799288768,-0.8848674800563442,0.13519425824401632,0.6417669972815468
-0.45568893885860384,-1.522572239667717,-0.06443273435853575,-0.4844286609747122
1.0014245302063352,-0.3452831748673846,-0.6788979949040203,-0.5329441952146898
-0.10675952063644584,0.7455560620527916,-0.3036114438822665,1.3158265575553443
-0.053702596992613795,0.9353683784359565,0.8991010222126117,0.1347503954197397
1.7092507036487905,-1.2571358461958353,0.32381784291572313,1.0149163865965039
0.48952725120288293,-1.0696011182218543,-0.48697774413888306,0.4366553525381025
2.1056200931111446,1.1948147578965864,-0.4460039989243146,0.8357861677879175
-0.6170217823883418,1.4453831551991445,-0.42297522779988445,-0.2836544977515083
1.5359467097139243,0.18201821257178494,0.8844922985567827,0.5473876768591963
-0.4378922299675184,-0.05308558199528311,0.01649596112592666,-1.6448256180045167
0.9582850315979289,0.24092169567653188,-0.403014710415197,1.0606360557714907
0.6120643969256804,-0.10819738686998066,-0.6719701512425369,-0.5965118521127111
0.7794809709049028,-0.780859647225091,1.0104367520595134,-0.3361153405264969
-0.6241099401292546,-0.595608096289991,-0.3117787588687401,-0.18432869013132225
-0.17382834021172353,-0.30031650847957725,-0.4563521008085067,0.46763045420761173
-0.420709532480863,-0.7123893667566721,0.17380788349476514,1.479770724062377
-0.9270096225905247,1.618516256043722,-0.6072333036620161,-0.9654192735032118
-1.1589125069840074,0.8712531875506299,-0.31295259503386463,-1.6255836198641584
0.26437658122109253,-0.37861947565914883,0.18957667683353754,-0.9785128257278839
-0.35089052951977745,0.32202306026750277,0.36128040593976285,0.4987879826498966
2.1670929008226305,-1.3650020732790842,-0.16334453692312123,1.857869802344744
0.08192459974630724,-0.604081798687238,0.04037993125643891,-1.9532472203726525
-1.885846477116987,0.39362527753227466,0.848600794131859,-1.2469182118349298
-1.8222728971355675,0.9205560055943287,1.0591539975319866,0.1438394592156987
-0.8430119541085516,0.4731155254592692,-0.47491931133545356,-1.7630414807232302
0.7461836756260956,0.7752578710155518,0.6462459870297325,1.0559738754780164
1.444838074221292,1.6287537628989284,-0.30645496310732334,0.5630275092801683
0.8384049356591844,0.029702103893233238,-1.8436363101501994,-0.26266906844748183
1.289707899539969,-0.0637539540928672,0.5556402922606637,-0.4212782749310432
0.743342558183826,0.25648308959944294,0.5494151653007588,-1.9157494277284342
0.5160315472835296,0.018417151631491806,0.4125935038025601,0.6327333817072829
-0.0447009324646579,0.3665467857321462,-1.2969506938726831,0.08814761680203896
-1.2733538930640773,1.108939708214475,0.37817274376445437,1.1872295539930817
0.408318855629487,0.5603930364616198,-1.4190063240362223,0.43091790327401613
1.2813341573255654,0.40867563058565026,-0.9300364125264424,0.06976067508924588
-0.4514022458319664,0.32651027385001297,-0.2650541672233563,0.34180713454832323
-0.4251189909171806,1.2207658126662766,-0.9115845060215423,0.20328641245261186
-0.5034040453999005,-1.4198326434105228,-0.597607170679829,-0.4417392100148076
0.4412194691030862,-1.2615728803158923,-0.4375979924555981,-1.051974679158523
2.482178207503044,1.3529717860131656,-0.26195865447493627,-0.043547408615039064
1.8418420616458608,0.4042309025622723,0.4776222253286156,1.2890000694407955
-0.8009285100308492,-1.1745176723638187,0.022487867094041925,0.03225801394011442
0.5124597196969504,-1.3320170009685486,0.3638760687656301,1.1598377421113824
-1.222916738709981,-0.618177254124547,0.37084143691674054,1.8430595987767084
0.4537392215355866,1.8276959329367082,-1.460096753578642,0.5125462407438691
1.9213393049559286,0.17551595792063257,0.21762819426115737,-0.44484464479894625
-1.0849803480029026,-0.33652750755176514,0.5818400919176965,0.0097505452957181
0.9297740800491769,0.167263068461314,-1.3092959002251252,-0.616613486275736
1.5836410964781933,-0.428317108549826,-0.207171540424072,-0.06621622790593339
